[{"model": "admin.logentry", "pk": 1, "fields": {"action_time": "2021-01-23T23:06:26.735Z", "user": 1, "content_type": 8, "object_id": "1", "object_repr": "/about/ -- О Нас", "action_flag": 1, "change_message": "[{\"added\": {}}, {\"added\": {\"name\": \"\\u0421\\u043e\\u0434\\u0435\\u0440\\u0436\\u0430\\u043d\\u0438\\u0435 \\u0441\\u0442\\u0440\\u0430\\u043d\\u0438\\u0446\\u044b\", \"object\": \"\\u041e \\u041d\\u0430\\u0441\"}}]"}}, {"model": "admin.logentry", "pk": 2, "fields": {"action_time": "2021-01-23T23:07:17.726Z", "user": 1, "content_type": 8, "object_id": "2", "object_repr": "/contact/ -- Контакты", "action_flag": 1, "change_message": "[{\"added\": {}}, {\"added\": {\"name\": \"\\u0421\\u043e\\u0434\\u0435\\u0440\\u0436\\u0430\\u043d\\u0438\\u0435 \\u0441\\u0442\\u0440\\u0430\\u043d\\u0438\\u0446\\u044b\", \"object\": \"\\u041a\\u043e\\u043d\\u0442\\u0430\\u043a\\u0442\\u044b\"}}]"}}, {"model": "admin.logentry", "pk": 3, "fields": {"action_time": "2021-01-24T06:32:34.003Z", "user": 1, "content_type": 8, "object_id": "2", "object_repr": "/contact/ -- Контакты", "action_flag": 2, "change_message": "[{\"changed\": {\"name\": \"\\u0421\\u043e\\u0434\\u0435\\u0440\\u0436\\u0430\\u043d\\u0438\\u0435 \\u0441\\u0442\\u0440\\u0430\\u043d\\u0438\\u0446\\u044b\", \"object\": \"\\u041a\\u043e\\u043d\\u0442\\u0430\\u043a\\u0442\\u044b\", \"fields\": [\"\\u041a\\u043e\\u043d\\u0442\\u0435\\u043d\\u0442\"]}}]"}}, {"model": "admin.logentry", "pk": 4, "fields": {"action_time": "2021-01-27T19:22:05.255Z", "user": 1, "content_type": 4, "object_id": "2", "object_repr": "first_user", "action_flag": 1, "change_message": "[{\"added\": {}}]"}}, {"model": "admin.logentry", "pk": 5, "fields": {"action_time": "2021-01-27T19:24:06.953Z", "user": 1, "content_type": 4, "object_id": "2", "object_repr": "first_user", "action_flag": 2, "change_message": "[{\"changed\": {\"fields\": [\"First name\", \"Last name\", \"Email address\"]}}]"}}, {"model": "admin.logentry", "pk": 6, "fields": {"action_time": "2021-01-31T14:03:46.150Z", "user": 1, "content_type": 13, "object_id": "5", "object_repr": "Варочная панель", "action_flag": 2, "change_message": "[{\"changed\": {\"fields\": [\"Tag\"]}}]"}}, {"model": "admin.logentry", "pk": 7, "fields": {"action_time": "2021-01-31T14:04:06.570Z", "user": 1, "content_type": 13, "object_id": "4", "object_repr": "Смартфон", "action_flag": 2, "change_message": "[{\"changed\": {\"fields\": [\"Tag\"]}}]"}}, {"model": "admin.logentry", "pk": 8, "fields": {"action_time": "2021-01-31T14:04:39.292Z", "user": 1, "content_type": 10, "object_id": "5", "object_repr": "", "action_flag": 1, "change_message": "[{\"added\": {}}]"}}, {"model": "admin.logentry", "pk": 9, "fields": {"action_time": "2021-01-31T14:04:59.871Z", "user": 1, "content_type": 10, "object_id": "6", "object_repr": "", "action_flag": 1, "change_message": "[{\"added\": {}}]"}}, {"model": "admin.logentry", "pk": 10, "fields": {"action_time": "2021-01-31T14:05:19.303Z", "user": 1, "content_type": 10, "object_id": "7", "object_repr": "", "action_flag": 1, "change_message": "[{\"added\": {}}]"}}, {"model": "admin.logentry", "pk": 11, "fields": {"action_time": "2021-01-31T14:28:08.122Z", "user": 1, "content_type": 10, "object_id": "7", "object_repr": "", "action_flag": 3, "change_message": ""}}, {"model": "admin.logentry", "pk": 12, "fields": {"action_time": "2021-01-31T14:28:08.125Z", "user": 1, "content_type": 10, "object_id": "6", "object_repr": "", "action_flag": 3, "change_message": ""}}, {"model": "admin.logentry", "pk": 13, "fields": {"action_time": "2021-01-31T14:28:08.127Z", "user": 1, "content_type": 10, "object_id": "5", "object_repr": "", "action_flag": 3, "change_message": ""}}, {"model": "admin.logentry", "pk": 14, "fields": {"action_time": "2021-01-31T14:28:25.695Z", "user": 1, "content_type": 10, "object_id": "8", "object_repr": "спорт", "action_flag": 1, "change_message": "[{\"added\": {}}]"}}, {"model": "admin.logentry", "pk": 15, "fields": {"action_time": "2021-01-31T14:29:07.731Z", "user": 1, "content_type": 13, "object_id": "1", "object_repr": "Кроссовки", "action_flag": 2, "change_message": "[{\"changed\": {\"fields\": [\"Tag\"]}}]"}}, {"model": "admin.logentry", "pk": 16, "fields": {"action_time": "2021-01-31T14:29:13.954Z", "user": 1, "content_type": 13, "object_id": "5", "object_repr": "Варочная панель", "action_flag": 2, "change_message": "[]"}}, {"model": "admin.logentry", "pk": 17, "fields": {"action_time": "2021-01-31T14:29:20.120Z", "user": 1, "content_type": 13, "object_id": "4", "object_repr": "Смартфон", "action_flag": 2, "change_message": "[]"}}, {"model": "admin.logentry", "pk": 18, "fields": {"action_time": "2021-01-31T14:29:27.772Z", "user": 1, "content_type": 13, "object_id": "3", "object_repr": "Шайба", "action_flag": 2, "change_message": "[{\"changed\": {\"fields\": [\"Tag\"]}}]"}}, {"model": "admin.logentry", "pk": 19, "fields": {"action_time": "2021-01-31T14:29:35.241Z", "user": 1, "content_type": 13, "object_id": "2", "object_repr": "Клюшка", "action_flag": 2, "change_message": "[{\"changed\": {\"fields\": [\"Tag\"]}}]"}}, {"model": "admin.logentry", "pk": 20, "fields": {"action_time": "2021-01-31T16:44:38.713Z", "user": 1, "content_type": 10, "object_id": "9", "object_repr": "sport", "action_flag": 1, "change_message": "[{\"added\": {}}]"}}, {"model": "admin.logentry", "pk": 21, "fields": {"action_time": "2021-01-31T16:44:48.076Z", "user": 1, "content_type": 10, "object_id": "10", "object_repr": "fitness", "action_flag": 1, "change_message": "[{\"added\": {}}]"}}, {"model": "admin.logentry", "pk": 22, "fields": {"action_time": "2021-01-31T16:45:08.934Z", "user": 1, "content_type": 10, "object_id": "11", "object_repr": "phone", "action_flag": 1, "change_message": "[{\"added\": {}}]"}}, {"model": "admin.logentry", "pk": 23, "fields": {"action_time": "2021-01-31T16:45:34.560Z", "user": 1, "content_type": 10, "object_id": "12", "object_repr": "hockey", "action_flag": 1, "change_message": "[{\"added\": {}}]"}}, {"model": "admin.logentry", "pk": 24, "fields": {"action_time": "2021-01-31T16:46:58.504Z", "user": 1, "content_type": 13, "object_id": "1", "object_repr": "Кроссовки", "action_flag": 2, "change_message": "[{\"changed\": {\"fields\": [\"Tag\"]}}]"}}, {"model": "admin.logentry", "pk": 25, "fields": {"action_time": "2021-01-31T16:47:16.818Z", "user": 1, "content_type": 13, "object_id": "2", "object_repr": "Клюшка", "action_flag": 2, "change_message": "[{\"changed\": {\"fields\": [\"Tag\"]}}]"}}, {"model": "admin.logentry", "pk": 26, "fields": {"action_time": "2021-01-31T16:47:32.657Z", "user": 1, "content_type": 13, "object_id": "3", "object_repr": "Шайба", "action_flag": 2, "change_message": "[{\"changed\": {\"fields\": [\"Tag\"]}}]"}}, {"model": "admin.logentry", "pk": 27, "fields": {"action_time": "2021-01-31T16:47:44.418Z", "user": 1, "content_type": 13, "object_id": "4", "object_repr": "Смартфон", "action_flag": 2, "change_message": "[{\"changed\": {\"fields\": [\"Tag\"]}}]"}}, {"model": "admin.logentry", "pk": 28, "fields": {"action_time": "2021-01-31T16:48:12.154Z", "user": 1, "content_type": 10, "object_id": "3", "object_repr": "Гаджет", "action_flag": 3, "change_message": ""}}, {"model": "admin.logentry", "pk": 29, "fields": {"action_time": "2021-01-31T17:54:33.378Z", "user": 1, "content_type": 13, "object_id": "3", "object_repr": "Шайба", "action_flag": 2, "change_message": "[{\"changed\": {\"fields\": [\"\\u0426\\u0435\\u043d\\u0430\"]}}]"}}, {"model": "admin.logentry", "pk": 30, "fields": {"action_time": "2021-02-04T00:13:34.934Z", "user": 1, "content_type": 14, "object_id": "2", "object_repr": "first_user", "action_flag": 1, "change_message": "[{\"added\": {}}]"}}, {"model": "admin.logentry", "pk": 31, "fields": {"action_time": "2021-02-04T06:58:53.649Z", "user": 1, "content_type": 4, "object_id": "1", "object_repr": "admin", "action_flag": 2, "change_message": "[{\"changed\": {\"fields\": [\"First name\"]}}]"}}, {"model": "admin.logentry", "pk": 32, "fields": {"action_time": "2021-02-06T15:47:33.065Z", "user": 1, "content_type": 21, "object_id": "1", "object_repr": "Google", "action_flag": 1, "change_message": "[{\"added\": {}}]"}}, {"model": "admin.logentry", "pk": 33, "fields": {"action_time": "2021-02-06T15:56:31.567Z", "user": 1, "content_type": 21, "object_id": "1", "object_repr": "Google", "action_flag": 2, "change_message": "[{\"changed\": {\"fields\": [\"Secret key\", \"Key\"]}}]"}}, {"model": "admin.logentry", "pk": 34, "fields": {"action_time": "2021-02-06T16:02:57.010Z", "user": 1, "content_type": 21, "object_id": "1", "object_repr": "Google", "action_flag": 2, "change_message": "[{\"changed\": {\"fields\": [\"Secret key\"]}}]"}}, {"model": "admin.logentry", "pk": 35, "fields": {"action_time": "2021-02-06T20:21:25.420Z", "user": 1, "content_type": 3, "object_id": "2", "object_repr": "sellers", "action_flag": 1, "change_message": "[{\"added\": {}}]"}}, {"model": "admin.logentry", "pk": 36, "fields": {"action_time": "2021-02-06T20:38:39.986Z", "user": 1, "content_type": 4, "object_id": "1", "object_repr": "admin", "action_flag": 2, "change_message": "[{\"changed\": {\"fields\": [\"Groups\"]}}]"}}, {"model": "admin.logentry", "pk": 37, "fields": {"action_time": "2021-02-06T21:23:13.792Z", "user": 1, "content_type": 4, "object_id": "1", "object_repr": "admin", "action_flag": 2, "change_message": "[{\"changed\": {\"fields\": [\"Groups\"]}}]"}}, {"model": "admin.logentry", "pk": 38, "fields": {"action_time": "2021-02-06T21:28:03.773Z", "user": 1, "content_type": 4, "object_id": "4", "object_repr": "test_user", "action_flag": 2, "change_message": "[{\"changed\": {\"fields\": [\"password\"]}}]"}}, {"model": "admin.logentry", "pk": 39, "fields": {"action_time": "2021-02-06T21:28:15.241Z", "user": 1, "content_type": 4, "object_id": "4", "object_repr": "test_user", "action_flag": 2, "change_message": "[{\"changed\": {\"fields\": [\"Groups\"]}}]"}}, {"model": "admin.logentry", "pk": 40, "fields": {"action_time": "2021-02-06T21:29:38.212Z", "user": 1, "content_type": 4, "object_id": "5", "object_repr": "test_user2", "action_flag": 2, "change_message": "[{\"changed\": {\"fields\": [\"password\"]}}]"}}, {"model": "admin.logentry", "pk": 41, "fields": {"action_time": "2021-02-07T07:47:37.639Z", "user": 1, "content_type": 4, "object_id": "4", "object_repr": "test_user", "action_flag": 2, "change_message": "[{\"changed\": {\"fields\": [\"Groups\"]}}]"}}, {"model": "admin.logentry", "pk": 42, "fields": {"action_time": "2021-02-07T08:42:52.939Z", "user": 1, "content_type": 13, "object_id": "1", "object_repr": "Кроссовки", "action_flag": 2, "change_message": "[{\"changed\": {\"fields\": [\"Owner\"]}}]"}}, {"model": "admin.logentry", "pk": 43, "fields": {"action_time": "2021-02-07T08:43:10.823Z", "user": 1, "content_type": 13, "object_id": "2", "object_repr": "Клюшка", "action_flag": 2, "change_message": "[{\"changed\": {\"fields\": [\"Owner\"]}}]"}}, {"model": "admin.logentry", "pk": 44, "fields": {"action_time": "2021-02-07T08:43:28.772Z", "user": 1, "content_type": 4, "object_id": "5", "object_repr": "test_user2", "action_flag": 2, "change_message": "[{\"changed\": {\"fields\": [\"Groups\"]}}]"}}, {"model": "admin.logentry", "pk": 45, "fields": {"action_time": "2021-02-07T08:46:52.520Z", "user": 1, "content_type": 4, "object_id": "1", "object_repr": "admin", "action_flag": 2, "change_message": "[{\"changed\": {\"fields\": [\"Groups\"]}}]"}}, {"model": "admin.logentry", "pk": 46, "fields": {"action_time": "2021-02-09T19:08:08.287Z", "user": 1, "content_type": 23, "object_id": "1", "object_repr": "first_user", "action_flag": 1, "change_message": "[{\"added\": {}}]"}}, {"model": "admin.logentry", "pk": 47, "fields": {"action_time": "2021-02-09T19:22:19.156Z", "user": 1, "content_type": 23, "object_id": "2", "object_repr": "user11", "action_flag": 1, "change_message": "[{\"added\": {}}]"}}, {"model": "admin.logentry", "pk": 48, "fields": {"action_time": "2021-02-11T09:14:55.406Z", "user": 1, "content_type": 23, "object_id": "4", "object_repr": "admin", "action_flag": 3, "change_message": ""}}, {"model": "admin.logentry", "pk": 49, "fields": {"action_time": "2021-02-11T09:14:55.409Z", "user": 1, "content_type": 23, "object_id": "3", "object_repr": "admin", "action_flag": 3, "change_message": ""}}, {"model": "admin.logentry", "pk": 50, "fields": {"action_time": "2021-02-20T06:53:10.359Z", "user": 1, "content_type": 4, "object_id": "1", "object_repr": "admin", "action_flag": 2, "change_message": "[{\"changed\": {\"fields\": [\"Groups\"]}}]"}}, {"model": "admin.logentry", "pk": 51, "fields": {"action_time": "2021-02-20T17:53:16.138Z", "user": 1, "content_type": 13, "object_id": "1", "object_repr": "Кроссовки", "action_flag": 2, "change_message": "[{\"changed\": {\"fields\": [\"Owner\", \"\\u041a\\u043e\\u043b\\u0438\\u0447\\u0435\\u0441\\u0442\\u0432\\u043e \\u043f\\u0440\\u043e\\u0441\\u043c\\u043e\\u0442\\u0440\\u043e\\u0432\"]}}]"}}, {"model": "auth.permission", "pk": 1, "fields": {"name": "Can add log entry", "content_type": 1, "codename": "add_logentry"}}, {"model": "auth.permission", "pk": 2, "fields": {"name": "Can change log entry", "content_type": 1, "codename": "change_logentry"}}, {"model": "auth.permission", "pk": 3, "fields": {"name": "Can delete log entry", "content_type": 1, "codename": "delete_logentry"}}, {"model": "auth.permission", "pk": 4, "fields": {"name": "Can view log entry", "content_type": 1, "codename": "view_logentry"}}, {"model": "auth.permission", "pk": 5, "fields": {"name": "Can add permission", "content_type": 2, "codename": "add_permission"}}, {"model": "auth.permission", "pk": 6, "fields": {"name": "Can change permission", "content_type": 2, "codename": "change_permission"}}, {"model": "auth.permission", "pk": 7, "fields": {"name": "Can delete permission", "content_type": 2, "codename": "delete_permission"}}, {"model": "auth.permission", "pk": 8, "fields": {"name": "Can view permission", "content_type": 2, "codename": "view_permission"}}, {"model": "auth.permission", "pk": 9, "fields": {"name": "Can add group", "content_type": 3, "codename": "add_group"}}, {"model": "auth.permission", "pk": 10, "fields": {"name": "Can change group", "content_type": 3, "codename": "change_group"}}, {"model": "auth.permission", "pk": 11, "fields": {"name": "Can delete group", "content_type": 3, "codename": "delete_group"}}, {"model": "auth.permission", "pk": 12, "fields": {"name": "Can view group", "content_type": 3, "codename": "view_group"}}, {"model": "auth.permission", "pk": 13, "fields": {"name": "Can add user", "content_type": 4, "codename": "add_user"}}, {"model": "auth.permission", "pk": 14, "fields": {"name": "Can change user", "content_type": 4, "codename": "change_user"}}, {"model": "auth.permission", "pk": 15, "fields": {"name": "Can delete user", "content_type": 4, "codename": "delete_user"}}, {"model": "auth.permission", "pk": 16, "fields": {"name": "Can view user", "content_type": 4, "codename": "view_user"}}, {"model": "auth.permission", "pk": 17, "fields": {"name": "Can add content type", "content_type": 5, "codename": "add_contenttype"}}, {"model": "auth.permission", "pk": 18, "fields": {"name": "Can change content type", "content_type": 5, "codename": "change_contenttype"}}, {"model": "auth.permission", "pk": 19, "fields": {"name": "Can delete content type", "content_type": 5, "codename": "delete_contenttype"}}, {"model": "auth.permission", "pk": 20, "fields": {"name": "Can view content type", "content_type": 5, "codename": "view_contenttype"}}, {"model": "auth.permission", "pk": 21, "fields": {"name": "Can add session", "content_type": 6, "codename": "add_session"}}, {"model": "auth.permission", "pk": 22, "fields": {"name": "Can change session", "content_type": 6, "codename": "change_session"}}, {"model": "auth.permission", "pk": 23, "fields": {"name": "Can delete session", "content_type": 6, "codename": "delete_session"}}, {"model": "auth.permission", "pk": 24, "fields": {"name": "Can view session", "content_type": 6, "codename": "view_session"}}, {"model": "auth.permission", "pk": 25, "fields": {"name": "Can add site", "content_type": 7, "codename": "add_site"}}, {"model": "auth.permission", "pk": 26, "fields": {"name": "Can change site", "content_type": 7, "codename": "change_site"}}, {"model": "auth.permission", "pk": 27, "fields": {"name": "Can delete site", "content_type": 7, "codename": "delete_site"}}, {"model": "auth.permission", "pk": 28, "fields": {"name": "Can view site", "content_type": 7, "codename": "view_site"}}, {"model": "auth.permission", "pk": 29, "fields": {"name": "Can add flat page", "content_type": 8, "codename": "add_flatpage"}}, {"model": "auth.permission", "pk": 30, "fields": {"name": "Can change flat page", "content_type": 8, "codename": "change_flatpage"}}, {"model": "auth.permission", "pk": 31, "fields": {"name": "Can delete flat page", "content_type": 8, "codename": "delete_flatpage"}}, {"model": "auth.permission", "pk": 32, "fields": {"name": "Can view flat page", "content_type": 8, "codename": "view_flatpage"}}, {"model": "auth.permission", "pk": 33, "fields": {"name": "Can add Содержание страницы", "content_type": 9, "codename": "add_newflatpage"}}, {"model": "auth.permission", "pk": 34, "fields": {"name": "Can change Содержание страницы", "content_type": 9, "codename": "change_newflatpage"}}, {"model": "auth.permission", "pk": 35, "fields": {"name": "Can delete Содержание страницы", "content_type": 9, "codename": "delete_newflatpage"}}, {"model": "auth.permission", "pk": 36, "fields": {"name": "Can view Содержание страницы", "content_type": 9, "codename": "view_newflatpage"}}, {"model": "auth.permission", "pk": 37, "fields": {"name": "Can add tag", "content_type": 10, "codename": "add_tag"}}, {"model": "auth.permission", "pk": 38, "fields": {"name": "Can change tag", "content_type": 10, "codename": "change_tag"}}, {"model": "auth.permission", "pk": 39, "fields": {"name": "Can delete tag", "content_type": 10, "codename": "delete_tag"}}, {"model": "auth.permission", "pk": 40, "fields": {"name": "Can view tag", "content_type": 10, "codename": "view_tag"}}, {"model": "auth.permission", "pk": 41, "fields": {"name": "Can add category", "content_type": 11, "codename": "add_category"}}, {"model": "auth.permission", "pk": 42, "fields": {"name": "Can change category", "content_type": 11, "codename": "change_category"}}, {"model": "auth.permission", "pk": 43, "fields": {"name": "Can delete category", "content_type": 11, "codename": "delete_category"}}, {"model": "auth.permission", "pk": 44, "fields": {"name": "Can view category", "content_type": 11, "codename": "view_category"}}, {"model": "auth.permission", "pk": 45, "fields": {"name": "Can add seller", "content_type": 12, "codename": "add_seller"}}, {"model": "auth.permission", "pk": 46, "fields": {"name": "Can change seller", "content_type": 12, "codename": "change_seller"}}, {"model": "auth.permission", "pk": 47, "fields": {"name": "Can delete seller", "content_type": 12, "codename": "delete_seller"}}, {"model": "auth.permission", "pk": 48, "fields": {"name": "Can view seller", "content_type": 12, "codename": "view_seller"}}, {"model": "auth.permission", "pk": 49, "fields": {"name": "Can add product", "content_type": 13, "codename": "add_product"}}, {"model": "auth.permission", "pk": 50, "fields": {"name": "Can change product", "content_type": 13, "codename": "change_product"}}, {"model": "auth.permission", "pk": 51, "fields": {"name": "Can delete product", "content_type": 13, "codename": "delete_product"}}, {"model": "auth.permission", "pk": 52, "fields": {"name": "Can view product", "content_type": 13, "codename": "view_product"}}, {"model": "auth.permission", "pk": 53, "fields": {"name": "Can add profile", "content_type": 14, "codename": "add_profile"}}, {"model": "auth.permission", "pk": 54, "fields": {"name": "Can change profile", "content_type": 14, "codename": "change_profile"}}, {"model": "auth.permission", "pk": 55, "fields": {"name": "Can delete profile", "content_type": 14, "codename": "delete_profile"}}, {"model": "auth.permission", "pk": 56, "fields": {"name": "Can view profile", "content_type": 14, "codename": "view_profile"}}, {"model": "auth.permission", "pk": 57, "fields": {"name": "Can add social application", "content_type": 15, "codename": "add_socialapp"}}, {"model": "auth.permission", "pk": 58, "fields": {"name": "Can change social application", "content_type": 15, "codename": "change_socialapp"}}, {"model": "auth.permission", "pk": 59, "fields": {"name": "Can delete social application", "content_type": 15, "codename": "delete_socialapp"}}, {"model": "auth.permission", "pk": 60, "fields": {"name": "Can view social application", "content_type": 15, "codename": "view_socialapp"}}, {"model": "auth.permission", "pk": 61, "fields": {"name": "Can add social account", "content_type": 16, "codename": "add_socialaccount"}}, {"model": "auth.permission", "pk": 62, "fields": {"name": "Can change social account", "content_type": 16, "codename": "change_socialaccount"}}, {"model": "auth.permission", "pk": 63, "fields": {"name": "Can delete social account", "content_type": 16, "codename": "delete_socialaccount"}}, {"model": "auth.permission", "pk": 64, "fields": {"name": "Can view social account", "content_type": 16, "codename": "view_socialaccount"}}, {"model": "auth.permission", "pk": 65, "fields": {"name": "Can add social application token", "content_type": 17, "codename": "add_socialtoken"}}, {"model": "auth.permission", "pk": 66, "fields": {"name": "Can change social application token", "content_type": 17, "codename": "change_socialtoken"}}, {"model": "auth.permission", "pk": 67, "fields": {"name": "Can delete social application token", "content_type": 17, "codename": "delete_socialtoken"}}, {"model": "auth.permission", "pk": 68, "fields": {"name": "Can view social application token", "content_type": 17, "codename": "view_socialtoken"}}, {"model": "auth.permission", "pk": 69, "fields": {"name": "Can add email address", "content_type": 18, "codename": "add_emailaddress"}}, {"model": "auth.permission", "pk": 70, "fields": {"name": "Can change email address", "content_type": 18, "codename": "change_emailaddress"}}, {"model": "auth.permission", "pk": 71, "fields": {"name": "Can delete email address", "content_type": 18, "codename": "delete_emailaddress"}}, {"model": "auth.permission", "pk": 72, "fields": {"name": "Can view email address", "content_type": 18, "codename": "view_emailaddress"}}, {"model": "auth.permission", "pk": 73, "fields": {"name": "Can add email confirmation", "content_type": 19, "codename": "add_emailconfirmation"}}, {"model": "auth.permission", "pk": 74, "fields": {"name": "Can change email confirmation", "content_type": 19, "codename": "change_emailconfirmation"}}, {"model": "auth.permission", "pk": 75, "fields": {"name": "Can delete email confirmation", "content_type": 19, "codename": "delete_emailconfirmation"}}, {"model": "auth.permission", "pk": 76, "fields": {"name": "Can view email confirmation", "content_type": 19, "codename": "view_emailconfirmation"}}, {"model": "auth.permission", "pk": 77, "fields": {"name": "Can add social account", "content_type": 20, "codename": "add_socialaccount"}}, {"model": "auth.permission", "pk": 78, "fields": {"name": "Can change social account", "content_type": 20, "codename": "change_socialaccount"}}, {"model": "auth.permission", "pk": 79, "fields": {"name": "Can delete social account", "content_type": 20, "codename": "delete_socialaccount"}}, {"model": "auth.permission", "pk": 80, "fields": {"name": "Can view social account", "content_type": 20, "codename": "view_socialaccount"}}, {"model": "auth.permission", "pk": 81, "fields": {"name": "Can add social application", "content_type": 21, "codename": "add_socialapp"}}, {"model": "auth.permission", "pk": 82, "fields": {"name": "Can change social application", "content_type": 21, "codename": "change_socialapp"}}, {"model": "auth.permission", "pk": 83, "fields": {"name": "Can delete social application", "content_type": 21, "codename": "delete_socialapp"}}, {"model": "auth.permission", "pk": 84, "fields": {"name": "Can view social application", "content_type": 21, "codename": "view_socialapp"}}, {"model": "auth.permission", "pk": 85, "fields": {"name": "Can add social application token", "content_type": 22, "codename": "add_socialtoken"}}, {"model": "auth.permission", "pk": 86, "fields": {"name": "Can change social application token", "content_type": 22, "codename": "change_socialtoken"}}, {"model": "auth.permission", "pk": 87, "fields": {"name": "Can delete social application token", "content_type": 22, "codename": "delete_socialtoken"}}, {"model": "auth.permission", "pk": 88, "fields": {"name": "Can view social application token", "content_type": 22, "codename": "view_socialtoken"}}, {"model": "auth.permission", "pk": 89, "fields": {"name": "Can add subscriber", "content_type": 23, "codename": "add_subscriber"}}, {"model": "auth.permission", "pk": 90, "fields": {"name": "Can change subscriber", "content_type": 23, "codename": "change_subscriber"}}, {"model": "auth.permission", "pk": 91, "fields": {"name": "Can delete subscriber", "content_type": 23, "codename": "delete_subscriber"}}, {"model": "auth.permission", "pk": 92, "fields": {"name": "Can view subscriber", "content_type": 23, "codename": "view_subscriber"}}, {"model": "auth.group", "pk": 1, "fields": {"name": "common users", "permissions": []}}, {"model": "auth.group", "pk": 2, "fields": {"name": "sellers", "permissions": [49, 50, 51]}}, {"model": "auth.user", "pk": 1, "fields": {"password": "pbkdf2_sha256$216000$CrsUnoACkeLD$3xekiTVqH7jXyCfD0sCnFoNA00FK5PvvUpWqamMB7Pk=", "last_login": "2021-02-11T09:14:31Z", "is_superuser": true, "username": "admin", "first_name": "admin_name", "last_name": "admin_last_name", "email": "email@mail.net", "is_staff": true, "is_active": true, "date_joined": "2021-01-23T23:04:02Z", "groups": [], "user_permissions": []}}, {"model": "auth.user", "pk": 2, "fields": {"password": "pbkdf2_sha256$216000$3kn7W0OI2gen$gdKYcdoovGF7UDP/DcmMKJYAeGNNKG3FdpJZaWJTcS8=", "last_login": null, "is_superuser": false, "username": "first_user", "first_name": "Petr", "last_name": "Petrov", "email": "Petr@mail.net", "is_staff": false, "is_active": true, "date_joined": "2021-01-27T19:22:05Z", "groups": [], "user_permissions": []}}, {"model": "auth.user", "pk": 3, "fields": {"password": "!l917Zd27EonaaL0P8RSleRiPnoLVNMltl5powqxV", "last_login": "2021-02-06T16:21:32.705Z", "is_superuser": false, "username": "user", "first_name": "Никита", "last_name": "Иванов", "email": "", "is_staff": false, "is_active": true, "date_joined": "2021-02-06T16:21:32.679Z", "groups": [], "user_permissions": []}}, {"model": "auth.user", "pk": 4, "fields": {"password": "pbkdf2_sha256$216000$LpQZsMHoVtHY$QbHywsHQk/uvPgCIQUArpwdZxk+E4V19aByKlgpc4pk=", "last_login": "2021-02-07T07:48:53.343Z", "is_superuser": false, "username": "test_user", "first_name": "", "last_name": "", "email": "test@mail.net", "is_staff": false, "is_active": true, "date_joined": "2021-02-06T17:41:11Z", "groups": [1, 2], "user_permissions": []}}, {"model": "auth.user", "pk": 5, "fields": {"password": "pbkdf2_sha256$216000$WzXWIpqWrU0X$qmbaH5GiBbdAUBYbjfWphzn+qmFyReCAbE2EtAX9MPU=", "last_login": "2021-02-06T21:30:17Z", "is_superuser": false, "username": "test_user2", "first_name": "", "last_name": "", "email": "mail@mail.net", "is_staff": false, "is_active": true, "date_joined": "2021-02-06T17:45:42Z", "groups": [1, 2], "user_permissions": []}}, {"model": "auth.user", "pk": 6, "fields": {"password": "pbkdf2_sha256$216000$PaUiELA5m6HJ$M4ixH4g8km4vFJzVgCf8P5T9RkmGjG+qXpg+sMLUW5c=", "last_login": "2021-02-07T19:40:59.423Z", "is_superuser": false, "username": "mail_test", "first_name": "", "last_name": "", "email": "test@examle.com", "is_staff": false, "is_active": true, "date_joined": "2021-02-07T19:40:58.962Z", "groups": [1], "user_permissions": []}}, {"model": "auth.user", "pk": 7, "fields": {"password": "pbkdf2_sha256$216000$ECKNm2vD5uxU$Z49Mun4JCPkyRBnMZ9xeRTAwmgXZ2bpuhy9GGNU91vA=", "last_login": "2021-02-07T20:01:53.932Z", "is_superuser": false, "username": "mail_test2", "first_name": "", "last_name": "", "email": "examle@mail.net", "is_staff": false, "is_active": true, "date_joined": "2021-02-07T20:01:53.779Z", "groups": [1], "user_permissions": []}}, {"model": "auth.user", "pk": 8, "fields": {"password": "pbkdf2_sha256$216000$mXKHbXLP5jHy$jsp9VsfcIgpem9ZjVcFWZUOZATY2qr/rBhTTCzdwrsk=", "last_login": "2021-02-07T20:32:40.488Z", "is_superuser": false, "username": "mail_test3", "first_name": "", "last_name": "", "email": "blabla@mail.net", "is_staff": false, "is_active": true, "date_joined": "2021-02-07T20:32:40.151Z", "groups": [1], "user_permissions": []}}, {"model": "auth.user", "pk": 9, "fields": {"password": "pbkdf2_sha256$216000$k6Qg9QmCrZ1J$E7rRN+7Qs20cbKKvk5BcJfEzeB+93OoWWlp+WNNl0do=", "last_login": "2021-02-08T12:36:25.193Z", "is_superuser": false, "username": "email_confirm_test", "first_name": "", "last_name": "", "email": "confirm@mail.net", "is_staff": false, "is_active": true, "date_joined": "2021-02-08T12:36:25.028Z", "groups": [1], "user_permissions": []}}, {"model": "auth.user", "pk": 10, "fields": {"password": "pbkdf2_sha256$216000$wOFQ2eVFmmnq$WY+4fYcWEMp6+8C9+bip5rD+bxscCDVZM8MXGcvoYJk=", "last_login": "2021-02-08T12:40:33.915Z", "is_superuser": false, "username": "confirm_mail", "first_name": "", "last_name": "", "email": "conf_mail@mail.net", "is_staff": false, "is_active": true, "date_joined": "2021-02-08T12:40:33.743Z", "groups": [1], "user_permissions": []}}, {"model": "auth.user", "pk": 11, "fields": {"password": "pbkdf2_sha256$216000$BFTUsoU9dNih$O+B8wr7mfovXPjxCy6EMdLCGQa/uO2n/pJGXbgl6edo=", "last_login": "2021-02-08T12:46:17.354Z", "is_superuser": false, "username": "confirm_mail2", "first_name": "", "last_name": "", "email": "new@mail.net", "is_staff": false, "is_active": true, "date_joined": "2021-02-08T12:46:17.188Z", "groups": [1], "user_permissions": []}}, {"model": "auth.user", "pk": 12, "fields": {"password": "pbkdf2_sha256$216000$fflfzjcvz8EZ$oAVFcrrhnARElBRb0gph+t0EVRZov0JDKSY9KRLmRpo=", "last_login": "2021-02-08T12:49:58.697Z", "is_superuser": false, "username": "new_user", "first_name": "", "last_name": "", "email": "new_mail@mail.net", "is_staff": false, "is_active": true, "date_joined": "2021-02-08T12:49:58.533Z", "groups": [1], "user_permissions": []}}, {"model": "auth.user", "pk": 13, "fields": {"password": "pbkdf2_sha256$216000$QSt04cMZyJgg$8ZnWtZQtgGgnMv2OTm6z035cIrrfUh4AvRfANLxcNsY=", "last_login": "2021-02-08T13:33:42.742Z", "is_superuser": false, "username": "user123", "first_name": "", "last_name": "", "email": "user123@mail.net", "is_staff": false, "is_active": true, "date_joined": "2021-02-08T13:33:42.594Z", "groups": [1], "user_permissions": []}}, {"model": "auth.user", "pk": 14, "fields": {"password": "pbkdf2_sha256$216000$V54VgEJueuek$+vu9G1Snjxj9GaU4ux4aqWOIX7tlTtJYr6xi8Iwm3qI=", "last_login": "2021-02-08T13:41:12.502Z", "is_superuser": false, "username": "user_432", "first_name": "", "last_name": "", "email": "user_432@mail.net", "is_staff": false, "is_active": true, "date_joined": "2021-02-08T13:41:12.336Z", "groups": [1], "user_permissions": []}}, {"model": "auth.user", "pk": 15, "fields": {"password": "pbkdf2_sha256$216000$bMZLAFHKfFGT$kJbRKI4ozsERCWV1yXWHVEIZ3vQX57y0BdcQGQkittw=", "last_login": "2021-02-08T19:46:37.478Z", "is_superuser": false, "username": "user11", "first_name": "", "last_name": "", "email": "user11@mail.net", "is_staff": false, "is_active": true, "date_joined": "2021-02-08T19:46:37.081Z", "groups": [1], "user_permissions": []}}, {"model": "auth.user", "pk": 16, "fields": {"password": "pbkdf2_sha256$216000$MQyvMxrdzqXi$dZk2++EStDllo+ejBhUuwDLY7A33hyFatHnMnfHMNfI=", "last_login": "2021-02-08T19:49:05.354Z", "is_superuser": false, "username": "user12", "first_name": "", "last_name": "", "email": "user12@mail.net", "is_staff": false, "is_active": true, "date_joined": "2021-02-08T19:49:05.182Z", "groups": [1], "user_permissions": []}}, {"model": "auth.user", "pk": 17, "fields": {"password": "pbkdf2_sha256$216000$kDWWPBm3Ii8J$Z9SYfpEEpGYEJe+xsP1hapFC+WOA1WhtzgdfmdLbLUE=", "last_login": "2021-02-08T19:57:47.350Z", "is_superuser": false, "username": "user13", "first_name": "", "last_name": "", "email": "user13@mail.ru", "is_staff": false, "is_active": true, "date_joined": "2021-02-08T19:57:47.179Z", "groups": [1], "user_permissions": []}}, {"model": "auth.user", "pk": 18, "fields": {"password": "pbkdf2_sha256$216000$HpFHudmkudq6$mU/lKdDt7MwOJnwPsgx+uPyXceen75reO1TirmI33Rg=", "last_login": "2021-02-08T20:10:15.789Z", "is_superuser": false, "username": "user15", "first_name": "", "last_name": "", "email": "user15@mail.net", "is_staff": false, "is_active": true, "date_joined": "2021-02-08T20:10:15.446Z", "groups": [1], "user_permissions": []}}, {"model": "auth.user", "pk": 19, "fields": {"password": "pbkdf2_sha256$216000$XkFjGjkhQOfS$LsV9DJqh0APM7QL5B0UbtT47zl2UHmtG1AbkIpNx2Cw=", "last_login": "2021-02-08T20:37:58.073Z", "is_superuser": false, "username": "user16", "first_name": "", "last_name": "", "email": "user16@mail.net", "is_staff": false, "is_active": true, "date_joined": "2021-02-08T20:37:57.907Z", "groups": [1], "user_permissions": []}}, {"model": "auth.user", "pk": 20, "fields": {"password": "pbkdf2_sha256$216000$eOK80EzpXALM$PtlBc3uH0eCSRJkGmf3IQuqJ0SVpt1K/4mXNEyU5blI=", "last_login": "2021-02-08T20:47:21.142Z", "is_superuser": false, "username": "user111", "first_name": "", "last_name": "", "email": "user111@mail.net", "is_staff": false, "is_active": true, "date_joined": "2021-02-08T20:47:20.979Z", "groups": [1], "user_permissions": []}}, {"model": "auth.user", "pk": 21, "fields": {"password": "pbkdf2_sha256$216000$kgWKbncVlK07$gMHIOituIfqdParvxzJU6uddd3PoNGaei7syVL/Ray8=", "last_login": "2021-02-08T20:54:59.528Z", "is_superuser": false, "username": "user222", "first_name": "", "last_name": "", "email": "user222@mail.net", "is_staff": false, "is_active": true, "date_joined": "2021-02-08T20:54:59.361Z", "groups": [1], "user_permissions": []}}, {"model": "auth.user", "pk": 22, "fields": {"password": "pbkdf2_sha256$216000$XHB8ePCuxp1G$wYr8dkoyqP+yMiU+uUopiPGeSkjuJLU7vjZfG8JfWQA=", "last_login": "2021-02-08T21:05:46.014Z", "is_superuser": false, "username": "user333", "first_name": "", "last_name": "", "email": "user333@mail.net", "is_staff": false, "is_active": true, "date_joined": "2021-02-08T21:05:45.843Z", "groups": [1], "user_permissions": []}}, {"model": "auth.user", "pk": 23, "fields": {"password": "pbkdf2_sha256$216000$JFo7ijQyaGt1$D1n9cdxtizQhCc6mn1qqbyV+i3W5jFNviMTKUHV5MWs=", "last_login": "2021-02-09T04:50:11.302Z", "is_superuser": false, "username": "user666", "first_name": "", "last_name": "", "email": "user666@mail.net", "is_staff": false, "is_active": true, "date_joined": "2021-02-09T04:50:11.025Z", "groups": [1], "user_permissions": []}}, {"model": "contenttypes.contenttype", "pk": 1, "fields": {"app_label": "admin", "model": "logentry"}}, {"model": "contenttypes.contenttype", "pk": 2, "fields": {"app_label": "auth", "model": "permission"}}, {"model": "contenttypes.contenttype", "pk": 3, "fields": {"app_label": "auth", "model": "group"}}, {"model": "contenttypes.contenttype", "pk": 4, "fields": {"app_label": "auth", "model": "user"}}, {"model": "contenttypes.contenttype", "pk": 5, "fields": {"app_label": "contenttypes", "model": "contenttype"}}, {"model": "contenttypes.contenttype", "pk": 6, "fields": {"app_label": "sessions", "model": "session"}}, {"model": "contenttypes.contenttype", "pk": 7, "fields": {"app_label": "sites", "model": "site"}}, {"model": "contenttypes.contenttype", "pk": 8, "fields": {"app_label": "flatpages", "model": "flatpage"}}, {"model": "contenttypes.contenttype", "pk": 9, "fields": {"app_label": "main", "model": "newflatpage"}}, {"model": "contenttypes.contenttype", "pk": 10, "fields": {"app_label": "main", "model": "tag"}}, {"model": "contenttypes.contenttype", "pk": 11, "fields": {"app_label": "main", "model": "category"}}, {"model": "contenttypes.contenttype", "pk": 12, "fields": {"app_label": "main", "model": "seller"}}, {"model": "contenttypes.contenttype", "pk": 13, "fields": {"app_label": "main", "model": "product"}}, {"model": "contenttypes.contenttype", "pk": 14, "fields": {"app_label": "main", "model": "profile"}}, {"model": "contenttypes.contenttype", "pk": 15, "fields": {"app_label": "allauth", "model": "socialapp"}}, {"model": "contenttypes.contenttype", "pk": 16, "fields": {"app_label": "allauth", "model": "socialaccount"}}, {"model": "contenttypes.contenttype", "pk": 17, "fields": {"app_label": "allauth", "model": "socialtoken"}}, {"model": "contenttypes.contenttype", "pk": 18, "fields": {"app_label": "account", "model": "emailaddress"}}, {"model": "contenttypes.contenttype", "pk": 19, "fields": {"app_label": "account", "model": "emailconfirmation"}}, {"model": "contenttypes.contenttype", "pk": 20, "fields": {"app_label": "socialaccount", "model": "socialaccount"}}, {"model": "contenttypes.contenttype", "pk": 21, "fields": {"app_label": "socialaccount", "model": "socialapp"}}, {"model": "contenttypes.contenttype", "pk": 22, "fields": {"app_label": "socialaccount", "model": "socialtoken"}}, {"model": "contenttypes.contenttype", "pk": 23, "fields": {"app_label": "main", "model": "subscriber"}}, {"model": "sessions.session", "pk": "uw4p1bgdsfvyutxvchq1g8uq6bbm5sc2", "fields": {"session_data": ".eJxVjDEOAiEQRe9CbcigMIClvWcgwwCyaiBZdivj3XWTLbT9773_EoHWpYZ15DlMSZyFEoffLRI_cttAulO7dcm9LfMU5abInQ557Sk_L7v7d1Bp1G_t0BAQJgu2uBwNZmRW2lBGSOCc9hqPJXKJCaJF1mgLewUnAsPKo3h_AOb9N9c:1lA83T:KrHm30T5-jy6cxFHjydf1U8UYm1hAssTn3ix-9xk2Ig", "expire_date": "2021-02-25T09:14:31.309Z"}}, {"model": "sites.site", "pk": 1, "fields": {"domain": "example.com", "name": "example.com"}}, {"model": "flatpages.flatpage", "pk": 1, "fields": {"url": "/about/", "title": "О Нас", "content": "", "enable_comments": false, "template_name": "pages/about.html", "registration_required": false, "sites": [1]}}, {"model": "flatpages.flatpage", "pk": 2, "fields": {"url": "/contact/", "title": "Контакты", "content": "", "enable_comments": false, "template_name": "pages/contact.html", "registration_required": false, "sites": [1]}}, {"model": "main.newflatpage", "pk": 1, "fields": {"flatpage": 1, "content": "<p>Информация о Е-Магазин</p>\r\n\r\n<p>&nbsp;</p>"}}, {"model": "main.newflatpage", "pk": 2, "fields": {"flatpage": 2, "content": "<p>Контент Е-Магазина</p>"}}, {"model": "main.seller", "pk": 1, "fields": {"name": "Sport24"}}, {"model": "main.seller", "pk": 2, "fields": {"name": "Electronics"}}, {"model": "main.seller", "pk": 3, "fields": {"name": "Товары для дома"}}, {"model": "main.category", "pk": 1, "fields": {"name": "Спорт товары", "discription": "В данной категории представленны товары для спорта"}}, {"model": "main.category", "pk": 2, "fields": {"name": "Бытовая техника", "discription": "В данной категории представленна крупная и мелкая бытовая техника"}}, {"model": "main.category", "pk": 3, "fields": {"name": "Гаджеты", "discription": "В данной категории представленны мобильные телефоны и планшеты"}}, {"model": "main.tag", "pk": 1, "fields": {"name": "Фитнес"}}, {"model": "main.tag", "pk": 2, "fields": {"name": "Хоккей"}}, {"model": "main.tag", "pk": 4, "fields": {"name": "Техника для кухни"}}, {"model": "main.tag", "pk": 8, "fields": {"name": "спорт"}}, {"model": "main.tag", "pk": 9, "fields": {"name": "sport"}}, {"model": "main.tag", "pk": 10, "fields": {"name": "fitness"}}, {"model": "main.tag", "pk": 11, "fields": {"name": "phone"}}, {"model": "main.tag", "pk": 12, "fields": {"name": "hockey"}}, {"model": "main.product", "pk": 1, "fields": {"name": "Кроссовки", "discription": "Удобные кроссовки для фитнеса", "price": 25, "in_stock": 1, "seller": 1, "category": 1, "owner": 1, "date": "2021-02-11T17:46:10.367Z", "counter": 8, "tag": [9, 10]}}, {"model": "main.product", "pk": 2, "fields": {"name": "Клюшка", "discription": "Клюшка для хоккея, взрослая", "price": 15, "in_stock": 0, "seller": 1, "category": 1, "owner": 5, "date": "2021-02-11T17:46:10.367Z", "counter": 4, "tag": [9, 12]}}, {"model": "main.product", "pk": 3, "fields": {"name": "Шайба", "discription": "Хоккейная шайба", "price": 6, "in_stock": 0, "seller": 1, "category": 1, "owner": 3, "date": "2021-02-11T17:46:10.367Z", "counter": 0, "tag": [9, 12]}}, {"model": "main.product", "pk": 4, "fields": {"name": "Смартфон", "discription": "Модный телефон с супер экраном", "price": 500, "in_stock": 0, "seller": 2, "category": 3, "owner": 3, "date": "2021-02-11T17:46:10.367Z", "counter": 0, "tag": [11]}}, {"model": "main.product", "pk": 5, "fields": {"name": "Варочная панель", "discription": "Индукцинная варочная панель на 4 комфорки", "price": 500, "in_stock": 0, "seller": 3, "category": 2, "owner": 3, "date": "2021-02-11T17:46:10.367Z", "counter": 0, "tag": [4]}}, {"model": "main.product", "pk": 6, "fields": {"name": "Гиря", "discription": "чугунная гиря", "price": 10, "in_stock": 1, "seller": 1, "category": 1, "owner": 1, "date": "2021-02-11T17:46:10.367Z", "counter": 0, "tag": [1, 8]}}, {"model": "main.product", "pk": 7, "fields": {"name": "Планшет", "discription": "экран 10 дюймов", "price": 100, "in_stock": 2, "seller": 2, "category": 3, "owner": 1, "date": "2021-02-11T17:46:10.367Z", "counter": 0, "tag": [11]}}, {"model": "main.product", "pk": 8, "fields": {"name": "коньки", "discription": "хоккейные коньки", "price": 150, "in_stock": 6, "seller": 1, "category": 1, "owner": 1, "date": "2021-02-11T19:23:33.503Z", "counter": 1, "tag": []}}, {"model": "main.product", "pk": 9, "fields": {"name": "шлем", "discription": "хоккейный шлем", "price": 80, "in_stock": 3, "seller": 1, "category": 1, "owner": 1, "date": "2021-02-11T19:25:35.428Z", "counter": 0, "tag": []}}, {"model": "main.product", "pk": 10, "fields": {"name": "телефон", "discription": "кнопочный телефон", "price": 20, "in_stock": 2, "seller": 2, "category": 3, "owner": 1, "date": "2021-02-11T19:32:41.500Z", "counter": 4, "tag": [11]}}, {"model": "main.profile", "pk": 1, "fields": {"date_of_birth": null, "age": 19}}, {"model": "main.profile", "pk": 2, "fields": {"date_of_birth": null, "age": 20}}, {"model": "main.subscriber", "pk": 1, "fields": {"username": 2}}, {"model": "main.subscriber", "pk": 2, "fields": {"username": 15}}, {"model": "main.subscriber", "pk": 5, "fields": {"username": 1}}, {"model": "socialaccount.socialapp", "pk": 1, "fields": {"provider": "google", "name": "Google", "client_id": "810726973225-nu5k66p7el9t7i07i7edl1139691rpus.apps.googleusercontent.com", "secret": "HGYh1CpEcHS2Wkv6ZBA0hNJC", "key": "", "sites": [1]}}, {"model": "socialaccount.socialaccount", "pk": 1, "fields": {"user": 3, "provider": "google", "uid": "112340336352288211713", "last_login": "2021-02-06T16:21:32.691Z", "date_joined": "2021-02-06T16:21:32.691Z", "extra_data": "{\"id\": \"112340336352288211713\", \"name\": \"\\u041d\\u0438\\u043a\\u0438\\u0442\\u0430 \\u0418\\u0432\\u0430\\u043d\\u043e\\u0432\", \"given_name\": \"\\u041d\\u0438\\u043a\\u0438\\u0442\\u0430\", \"family_name\": \"\\u0418\\u0432\\u0430\\u043d\\u043e\\u0432\", \"picture\": \"https://lh6.googleusercontent.com/-G-pncT9B9vk/AAAAAAAAAAI/AAAAAAAAAAA/AMZuuck4dR3D5DXmyRQQB6fMOk56uwhNzQ/s96-c/photo.jpg\", \"locale\": \"ru\"}"}}, {"model": "socialaccount.socialtoken", "pk": 1, "fields": {"app": 1, "account": 1, "token": "ya29.A0AfH6SMAc5rwkA67viDfok-pkb9mwNVsR46eT1QWUEZXoRYn_KAhC2muBIlBCVGMDIxuYg1pjo2VR6WSDt7-iNnkq76uDr7I6l037UFVbsQPx2x7PbUrQsZu2zcKV4Ym44dxRoMBKQZM62Mn8sxU3PN3YvaGR", "token_secret": "", "expires_at": "2021-02-06T17:21:30.456Z"}}, {"model": "account.emailaddress", "pk": 1, "fields": {"user": 5, "email": "mail@mail.net", "verified": false, "primary": true}}, {"model": "account.emailaddress", "pk": 2, "fields": {"user": 6, "email": "test@examle.com", "verified": false, "primary": true}}, {"model": "account.emailaddress", "pk": 3, "fields": {"user": 7, "email": "examle@mail.net", "verified": false, "primary": true}}, {"model": "account.emailaddress", "pk": 4, "fields": {"user": 8, "email": "blabla@mail.net", "verified": false, "primary": true}}, {"model": "account.emailaddress", "pk": 5, "fields": {"user": 9, "email": "confirm@mail.net", "verified": false, "primary": true}}, {"model": "account.emailaddress", "pk": 6, "fields": {"user": 10, "email": "conf_mail@mail.net", "verified": false, "primary": true}}, {"model": "account.emailaddress", "pk": 7, "fields": {"user": 11, "email": "new@mail.net", "verified": false, "primary": true}}, {"model": "account.emailaddress", "pk": 8, "fields": {"user": 12, "email": "new_mail@mail.net", "verified": false, "primary": true}}, {"model": "account.emailaddress", "pk": 9, "fields": {"user": 13, "email": "user123@mail.net", "verified": false, "primary": true}}, {"model": "account.emailaddress", "pk": 10, "fields": {"user": 14, "email": "user_432@mail.net", "verified": false, "primary": true}}, {"model": "account.emailaddress", "pk": 11, "fields": {"user": 15, "email": "user11@mail.net", "verified": false, "primary": true}}, {"model": "account.emailaddress", "pk": 12, "fields": {"user": 16, "email": "user12@mail.net", "verified": false, "primary": true}}, {"model": "account.emailaddress", "pk": 13, "fields": {"user": 17, "email": "user13@mail.ru", "verified": false, "primary": true}}, {"model": "account.emailaddress", "pk": 14, "fields": {"user": 18, "email": "user15@mail.net", "verified": false, "primary": true}}, {"model": "account.emailaddress", "pk": 15, "fields": {"user": 19, "email": "user16@mail.net", "verified": false, "primary": true}}, {"model": "account.emailaddress", "pk": 16, "fields": {"user": 20, "email": "user111@mail.net", "verified": false, "primary": true}}, {"model": "account.emailaddress", "pk": 17, "fields": {"user": 21, "email": "user222@mail.net", "verified": false, "primary": true}}, {"model": "account.emailaddress", "pk": 18, "fields": {"user": 22, "email": "user333@mail.net", "verified": false, "primary": true}}, {"model": "account.emailaddress", "pk": 19, "fields": {"user": 23, "email": "user666@mail.net", "verified": false, "primary": true}}]